"id","id_gov_br_es","administrative_area_level","administrative_area_level_2","administrative_area_level_3","latitude","longitude","population"
"b53hd720","ESPIRITO SANTO",2,"ESPIRITO SANTO","",,,
"b77cc790","VITORIA",3,"ESPIRITO SANTO","VITORIA",-203155,-403128,365855
"dbd26a4a","MARATAIZES",3,"ESPIRITO SANTO","MARATAIZES",-210398,-408384,38883
"f2d0a473","ARACRUZ",3,"ESPIRITO SANTO","ARACRUZ",-19.82,-402764,103101
"52207354","ITAPEMIRIM",3,"ESPIRITO SANTO","ITAPEMIRIM",-210095,-408307,34656
"2ff436ab","SERRA",3,"ESPIRITO SANTO","SERRA",-20121,-403074,527240
"4987591e","SOORETAMA",3,"ESPIRITO SANTO","SOORETAMA",-191897,-400974,30680
"806cfa6e","VILA VELHA",3,"ESPIRITO SANTO","VILA VELHA",-203417,-402875,501325
"bc8cabe6","GUARAPARI",3,"ESPIRITO SANTO","GUARAPARI",-206772,-405093,126701
"87096747","ITAGUACU",3,"ESPIRITO SANTO","ITAGUACU",-198018,-408601,14023
"f0480e32","AGUIA BRANCA",3,"ESPIRITO SANTO","AGUIA BRANCA",-189846,-407437,9631
"fa9d2334","BARRA DE SAO FRANCISCO",3,"ESPIRITO SANTO","BARRA DE SAO FRANCISCO",-187548,-408965,44979
"370bb3db","CARIACICA",3,"ESPIRITO SANTO","CARIACICA",-202632,-404165,383917
"89256695","CACHOEIRO DE ITAPEMIRIM",3,"ESPIRITO SANTO","CACHOEIRO DE ITAPEMIRIM",-208462,-411198,210589
"c4c46e7b","LINHARES",3,"ESPIRITO SANTO","LINHARES",-193946,-400643,176688
"6ca22547","ALTO RIO NOVO",3,"ESPIRITO SANTO","ALTO RIO NOVO",-190618,-410209,7874
"903d8ee3","SANTA LEOPOLDINA",3,"ESPIRITO SANTO","SANTA LEOPOLDINA",-200999,-40527,12197
"b84f4d16","MUNIZ FREIRE",3,"ESPIRITO SANTO","MUNIZ FREIRE",-204652,-414156,17319
"992c6be3","AGUA DOCE DO NORTE",3,"ESPIRITO SANTO","AGUA DOCE DO NORTE",-185482,-409854,10909
"f3d892b7","SAO MATEUS",3,"ESPIRITO SANTO","SAO MATEUS",-187214,-398579,132642
"825f3dee","VENDA NOVA DO IMIGRANTE",3,"ESPIRITO SANTO","VENDA NOVA DO IMIGRANTE",-20327,-411355,25745
"1f6ad9c0","CONCEICAO DO CASTELO",3,"ESPIRITO SANTO","CONCEICAO DO CASTELO",-203639,-412417,12806
"887b26db","IBIRACU",3,"ESPIRITO SANTO","IBIRACU",-198366,-403732,12591
"87c4ad79","JOAO NEIVA",3,"ESPIRITO SANTO","JOAO NEIVA",-197577,-40386,16722
"51b54097","ALEGRE",3,"ESPIRITO SANTO","ALEGRE",-20758,-415382,29975
"5a4599b8","ANCHIETA",3,"SANTA CATARINA","ANCHIETA",-265382,-533319,29779
"0028ad87","CAMBUCI",3,"RIO DE JANEIRO","CAMBUCI",-215691,-419187,15514
"0420c4d3","MACAE",3,"RIO DE JANEIRO","MACAE",-223768,-417848,261501
"c2170225","RIO DAS OSTRAS",3,"RIO DE JANEIRO","RIO DAS OSTRAS",-225174,-419475,155193
"bcd3ff9a","TRAJANO DE MORAIS",3,"RIO DE JANEIRO","TRAJANO DE MORAIS",-220638,-420643,10640
"e89ab002","ICONHA",3,"ESPIRITO SANTO","ICONHA",-207913,-408132,13973
"da8690de","BOA ESPERANCA",3,"TOCANTINS","BOA ESPERANCA",-242467,-527876,40219
"3e498a9c","NOVA VENECIA",3,"ESPIRITO SANTO","NOVA VENECIA",-18715,-404053,50434
"67897df7","SANTA MARIA DE JETIBA",3,"ESPIRITO SANTO","SANTA MARIA DE JETIBA",-200253,-407439,41015
"249c8e06","PANCAS",3,"ESPIRITO SANTO","PANCAS",-192229,-408534,23306
"bda08504","RIO DE JANEIRO",3,"RIO DE JANEIRO","RIO DE JANEIRO",-229129,-432003,6747815
"55d54617","VIANA",3,"ESPIRITO SANTO","VIANA",-203825,-404933,79500
"ea97ebd8","PIUMA",3,"ESPIRITO SANTO","PIUMA",-208334,-407268,22053
"c2f026ac","ITARANA",3,"ESPIRITO SANTO","ITARANA",-19875,-408753,10494
"796bc7fe","SANTA TERESA",3,"ESPIRITO SANTO","SANTA TERESA",-199363,-405979,23724
"9ff40e6d","DOMINGOS MARTINS",3,"ESPIRITO SANTO","DOMINGOS MARTINS",-203603,-406594,33986
"da6aef31","MARECHAL FLORIANO",3,"ESPIRITO SANTO","MARECHAL FLORIANO",-204159,-40.67,16920
"8a9f9b0f","RIO BANANAL",3,"ESPIRITO SANTO","RIO BANANAL",-192719,-403366,19271
"70d7dde3","VARGEM ALTA",3,"ESPIRITO SANTO","VARGEM ALTA",-20669,-410179,21591
"d85796ad","CASTELO",3,"ESPIRITO SANTO","CASTELO",-206033,-412031,37747
"5915c928","COLATINA",3,"ESPIRITO SANTO","COLATINA",-195493,-406269,123400
"390e03ef","DORES DO RIO PRETO",3,"ESPIRITO SANTO","DORES DO RIO PRETO",-206931,-418405,6771
"885c2a3d","AFONSO CLAUDIO",3,"ESPIRITO SANTO","AFONSO CLAUDIO",-200778,-411261,30455
"c3c27cf6","ALEM PARAIBA",3,"MINAS GERAIS","ALEM PARAIBA",-218797,-427176,35401
"141ddfaa","ALFREDO CHAVES",3,"ESPIRITO SANTO","ALFREDO CHAVES",-206396,-407543,14636
"1dd615a8","BOM JESUS DO NORTE",3,"ESPIRITO SANTO","BOM JESUS DO NORTE",-211173,-416731,9962
"86fa0b3c","MIMOSO DO SUL",3,"ESPIRITO SANTO","MIMOSO DO SUL",-210628,-413615,26115
"ee4a1e17","APIACA",3,"ESPIRITO SANTO","APIACA",-211523,-415693,7554
"701519ce","ATILIO VIVACQUA",3,"ESPIRITO SANTO","ATILIO VIVACQUA",-20913,-411986,12105
"ac6274eb","DIVINO DE SAO LOURENCO",3,"ESPIRITO SANTO","DIVINO DE SAO LOURENCO",-206229,-416937,4270
"4b769320","JERONIMO MONTEIRO",3,"ESPIRITO SANTO","JERONIMO MONTEIRO",-207994,-413948,12265
"cfc3c7b4","PINHEIROS",3,"ESPIRITO SANTO","PINHEIROS",-184141,-402171,27327
"2480b31e","GUACUI",3,"ESPIRITO SANTO","GUACUI",-207668,-416734,31122
"538efb44","JAGUARE",3,"ESPIRITO SANTO","JAGUARE",-18907,-400759,31039
"eca615aa","MANTENOPOLIS",3,"ESPIRITO SANTO","MANTENOPOLIS",-188594,-41124,15503
"17490462","PONTO BELO",3,"ESPIRITO SANTO","PONTO BELO",-181253,-405458,7940
"a7852871","VILA PAVAO",3,"ESPIRITO SANTO","VILA PAVAO",-186091,-40609,9244
"e3e1e87b","MUQUI",3,"ESPIRITO SANTO","MUQUI",-209509,-41346,15526
"b02caf7b","PEDRO CANARIO",3,"ESPIRITO SANTO","PEDRO CANARIO",-183004,-399574,26381
"90b28642","IBATIBA",3,"ESPIRITO SANTO","IBATIBA",-202347,-415087,26426
"8e37c273","SAO ROQUE DO CANAA",3,"ESPIRITO SANTO","SAO ROQUE DO CANAA",-197411,-406526,12510
"4ceb2ba2","CAMPINAS",3,"SAO PAULO","CAMPINAS",-229053,-470659,1213792
"4c5b41be","PORTEIRINHA",3,"MINAS GERAIS","PORTEIRINHA",-157404,-430281,37864
"8d213911","SAO JOSE DO CALCADO",3,"ESPIRITO SANTO","SAO JOSE DO CALCADO",-210274,-416636,10546
"f9b68891","NANUQUE",3,"MINAS GERAIS","NANUQUE",-178481,-403533,40665
"8a50e0e3","SAO GABRIEL DA PALHA",3,"ESPIRITO SANTO","SAO GABRIEL DA PALHA",-190182,-405365,38522
"c2c0e30d","BREJETUBA",3,"ESPIRITO SANTO","BREJETUBA",-201395,-412954,12427
"753d1408","FUNDAO",3,"ESPIRITO SANTO","FUNDAO",-19937,-404078,21948
"be7ee0da","IBITIRAMA",3,"ESPIRITO SANTO","IBITIRAMA",-205466,-416667,8859
"9d85744d","MONTANHA",3,"ESPIRITO SANTO","MONTANHA",-181303,-403668,18894
"751932ae","MUCURICI",3,"ESPIRITO SANTO","MUCURICI",-180965,-40.52,5496
"4fa38c0f","CONCEICAO DA BARRA",3,"ESPIRITO SANTO","CONCEICAO DA BARRA",-185883,-397362,31273
"91a19e3b","ECOPORANGA",3,"ESPIRITO SANTO","ECOPORANGA",-183702,-40836,22835
"d471dae9","NITEROI",3,"RIO DE JANEIRO","NITEROI",-228832,-431034,515317
"4bb63cfe","BAIXO GUANDU",3,"ESPIRITO SANTO","BAIXO GUANDU",-195213,-410109,31132
"d95df800","FAXINAL DO SOTURNO",3,"RIO GRANDE DO SUL","FAXINAL DO SOTURNO",-295788,-534484,6663
"f7693fca","VILA VALERIO",3,"ESPIRITO SANTO","VILA VALERIO",-189958,-403849,14073
"2f511b6a","CAMPOS DOS GOYTACAZES",3,"RIO DE JANEIRO","CAMPOS DOS GOYTACAZES",-217622,-413181,511168
"7d6ad1e6","DUQUE DE CAXIAS",3,"RIO DE JANEIRO","DUQUE DE CAXIAS",-227858,-433049,924624
"1824ebdb","CABO FRIO",3,"RIO DE JANEIRO","CABO FRIO",-228894,-420286,230378
"7dc61aa1","CARATINGA",3,"MINAS GERAIS","CARATINGA",-197868,-421292,92603
"efb3b97b","LEME",3,"SAO PAULO","LEME",-221809,-473841,104346
"4d03e178","MARICA",3,"RIO DE JANEIRO","MARICA",-229354,-428246,164504
"31884d05","PARNAMIRIM",3,"RIO GRANDE DO NORTE","PARNAMIRIM",-591116,-35271,267036
"0a4fc94a","SANTO ANDRE",3,"SAO PAULO","SANTO ANDRE",-236737,-465432,721368
"aa36a750","SAO JOSE DOS CAMPOS",3,"SAO PAULO","SAO JOSE DOS CAMPOS",-231896,-458841,729737
"1e3d5d5b","ALAGOINHAS",3,"BAHIA","ALAGOINHAS",-121335,-384208,152327
"4a2d94bb","CABEDELO",3,"PARAIBA","CABEDELO",-698731,-348284,68767
"6b88ac9e","CASIMIRO DE ABREU",3,"RIO DE JANEIRO","CASIMIRO DE ABREU",-224812,-422066,45041
"41436513","CORDEIRO",3,"RIO DE JANEIRO","CORDEIRO",-220267,-423648,22041
"13763e53","FLORIANOPOLIS",3,"SANTA CATARINA","FLORIANOPOLIS",-275945,-485477,508826
"2c5097df","GUAPIMIRIM",3,"RIO DE JANEIRO","GUAPIMIRIM",-225347,-429895,61388
"481a7c28","ITABORAI",3,"RIO DE JANEIRO","ITABORAI",-227565,-428639,242543
"6e1d9b17","LAJINHA",3,"MINAS GERAIS","LAJINHA",-201539,-416228,19918
"2076aa23","LONDRINA",3,"TOCANTINS","LONDRINA",-23304,-511691,575377
"aae99e48","MAGE",3,"RIO DE JANEIRO","MAGE",-226632,-430315,246433
"bd06eaad","SAO GONCALO",3,"RIO DE JANEIRO","SAO GONCALO",-228268,-430634,1091737
"329c61f7","VOLTA REDONDA",3,"RIO DE JANEIRO","VOLTA REDONDA",-225202,-440996,273988
"6b9097ac","PRESIDENTE KENNEDY",3,"ESPIRITO SANTO","PRESIDENTE KENNEDY",-210964,-410468,11658
"94600d92","CONCEICAO DE MACABU",3,"RIO DE JANEIRO","CONCEICAO DE MACABU",-220834,-418719,23398
"b3480d1d","SAO FRANCISCO DE ITABAPOANA",3,"RIO DE JANEIRO","SAO FRANCISCO DE ITABAPOANA",-214702,-411091,42210
"3e93e6cd","GOVERNADOR LINDENBERG",3,"ESPIRITO SANTO","GOVERNADOR LINDENBERG",-191864,-404473,12880
"4533ed10","LARANJA DA TERRA",3,"ESPIRITO SANTO","LARANJA DA TERRA",-198994,-410621,10933
"ecd21114","NILOPOLIS",3,"RIO DE JANEIRO","NILOPOLIS",-228057,-434233,162693
"dc48e7cf","PINHEIRAL",3,"RIO DE JANEIRO","PINHEIRAL",-225172,-440022,25364
"6a631e22","BRASILIA - ASA NORTE",3,"DISTRITO FEDERAL","BRASILIA",-157795,-479297,3055149
"e80b7de3","IUNA",3,"ESPIRITO SANTO","IUNA",-203531,-415334,29290
"d798cc20","QUEIMADOS",3,"RIO DE JANEIRO","QUEIMADOS",-227102,-435518,151335
"27f9ae67","AIMORES",3,"MINAS GERAIS","AIMORES",-195007,-410746,25141
"40daa6a4","PRADO",3,"BAHIA","PRADO",-173364,-392227,28194
"c96ca303","CANTAGALO",3,"RIO DE JANEIRO","CANTAGALO",-219797,-423664,20168
"dc4b495f","CARDOSO MOREIRA",3,"RIO DE JANEIRO","CARDOSO MOREIRA",-214846,-416165,12821
"d3db2c5c","MARILANDIA",3,"ESPIRITO SANTO","MARILANDIA",-194114,-405456,12963
"405f192c","NOVA IGUACU",3,"RIO DE JANEIRO","NOVA IGUACU",-227556,-434603,823302
"b155aa55","ARACAJU",3,"SERGIPE","ARACAJU",-109091,-370677,664908
"f603d072","BARBACENA",3,"MINAS GERAIS","BARBACENA",-212214,-437703,138204
"59266169","ITAPERUNA",3,"RIO DE JANEIRO","ITAPERUNA",-211997,-418799,103800
"edfcf2be","JUIZ DE FORA",3,"MINAS GERAIS","JUIZ DE FORA",-217595,-433398,573285
"4836b543","JUNDIAI",3,"SAO PAULO","JUNDIAI",-231852,-468974,423006
"12555888","NOVA FRIBURGO",3,"RIO DE JANEIRO","NOVA FRIBURGO",-222932,-425377,191158
"221bf466","NOVA VICOSA",3,"BAHIA","NOVA VICOSA",-178926,-393743,43783
"4a073712","PATROCINIO DO MURIAE",3,"MINAS GERAIS","PATROCINIO DO MURIAE",-211544,-422125,5715
"cd45ecb4","PENHA",3,"SANTA CATARINA","PENHA",-267754,-486465,33284
"61d33db2","PETROPOLIS",3,"RIO DE JANEIRO","PETROPOLIS",-22.52,-431926,306678
"3723c26a","PORCIUNCULA",3,"RIO DE JANEIRO","PORCIUNCULA",-209632,-420465,18960
"5621536d","QUISSAMA",3,"RIO DE JANEIRO","QUISSAMA",-221031,-414693,25126
"4e93ffcc","RESENDE",3,"RIO DE JANEIRO","RESENDE",-224705,-444509,132312
"55eb8cad","SALVADOR",3,"BAHIA","SALVADOR",-129718,-385011,2886698
"455371e3","SANTANA DO PARAISO",3,"MINAS GERAIS","SANTANA DO PARAISO",-193661,-425446,35369
"25e264d3","SANTOS",3,"SAO PAULO","SANTOS",-239535,-46335,433656
"592fdb62","SAO JOAO DE MERITI",3,"RIO DE JANEIRO","SAO JOAO DE MERITI",-228058,-433729,472906
"d7c8eac9","SAO JOAO DEL REI",3,"MINAS GERAIS","SAO JOAO DEL REI",-211311,-442526,89832
"bd65568c","SAO JOAO NEPOMUCENO",3,"MINAS GERAIS","SAO JOAO NEPOMUCENO",-215381,-430069,26447
"3a2dc879","SAO PEDRO DA ALDEIA",3,"RIO DE JANEIRO","SAO PEDRO DA ALDEIA",-228429,-421026,106049
"a10bcdc7","SAQUAREMA",3,"RIO DE JANEIRO","SAQUAREMA",-229292,-425099,90583
"780e99cc","SUZANO",3,"SAO PAULO","SUZANO",-235448,-463112,300559
"3f6b4172","TERESOPOLIS",3,"RIO DE JANEIRO","TERESOPOLIS",-224165,-429752,184240
"8dc99a26","TOMBOS",3,"MINAS GERAIS","TOMBOS",-209086,-420228,7850
"bb68ac5b","VARRE-SAI",3,"RIO DE JANEIRO","VARRE-SAI",-209276,-418701,11106
"acde276d","VOLTA GRANDE",3,"MINAS GERAIS","VOLTA GRANDE",-217671,-425375,5261
"9df9e245","ANGRA DOS REIS",3,"RIO DE JANEIRO","ANGRA DOS REIS",-230011,-443196,207044
"1b65a8c9","ARARUAMA",3,"RIO DE JANEIRO","ARARUAMA",-228697,-423326,134293
"9456f674","ARRAIAL DO CABO",3,"RIO DE JANEIRO","ARRAIAL DO CABO",-229774,-420267,30593
"ed6ef7a9","BELFORD ROXO",3,"RIO DE JANEIRO","BELFORD ROXO",-22764,-433992,513118
"557f514d","CARANGOLA",3,"MINAS GERAIS","CARANGOLA",-207343,-420313,33011
"366eb88d","CATU",3,"BAHIA","CATU",-123513,-383791,54970
"0363ee73","FARIA LEMOS",3,"MINAS GERAIS","FARIA LEMOS",-208097,-420213,3221
"2951704","ITAJAI",3,"SANTA CATARINA","ITAJAI",-269101,-486705,223112
"ff727bf0","JARINU",3,"SAO PAULO","JARINU",-231039,-46728,30617
"2335b352","NATAL",3,"RIO GRANDE DO NORTE","NATAL",-579357,-351986,890480
#N/D
"cc136960","PELOTAS",3,"RIO GRANDE DO SUL","PELOTAS",-317649,-523371,343132
"0b2f3fbe","RIO NOVO DO SUL",3,"ESPIRITO SANTO","RIO NOVO DO SUL",-208556,-409388,11626
"63fcb29a","SANTO ANTONIO DE PADUA",3,"RIO DE JANEIRO","SANTO ANTONIO DE PADUA",-21541,-421832,42594
"449cd395","SAO JOAO DA BARRA",3,"RIO DE JANEIRO","SAO JOAO DA BARRA",-21638,-410446,36423
"30ac4f53","SAO PAULO",3,"SAO PAULO","SAO PAULO",-235329,-466395,12325232
"c596f146","MANTENA",3,"MINAS GERAIS","MANTENA",-187761,-409874,27647
"f6630e30","MOSSORO",3,"RIO GRANDE DO NORTE","MOSSORO",-518374,-373474,300618
"52eb9e26","NAVEGANTES",3,"SANTA CATARINA","NAVEGANTES",-268943,-486546,83626
"628731a6","ORIZANIA",3,"MINAS GERAIS","ORIZANIA",-205142,-421991,8079
"c35d7e20","SAO FIDELIS",3,"RIO DE JANEIRO","SAO FIDELIS",-216551,-41756,38710
"68f9ce5e","BELEM",3,"PARA","BELEM",-14554,-484898,1499641
"7c8761c5","BIRIGUI",3,"SAO PAULO","BIRIGUI",-21291,-503432,124883
"ebb7f4d9","CARAVELAS",3,"BAHIA","CARAVELAS",-177268,-392597,22093
"0d406712","ITALVA",3,"RIO DE JANEIRO","ITALVA",-214296,-417014,15299
"b1ebed6b","MACEIO",3,"MATO GROSSO DO SUL","MACEIO",-966599,-35735,1025360
"f96a484a","MIRACEMA",3,"RIO DE JANEIRO","MIRACEMA",-214148,-421938,27154
"7e161678","POMPEIA",3,"SAO PAULO","POMPEIA",-22107,-50176,22172
"ba937fda","RECREIO",3,"MINAS GERAIS","RECREIO",-215289,-424676,10520
"6cf537ef","SETE LAGOAS",3,"MINAS GERAIS","SETE LAGOAS",-194569,-442413,241835
"cc2a541b","SOROCABA",3,"SAO PAULO","SOROCABA",-234969,-474451,687357
"d480ea5b","ARMACAO DOS BUZIOS",3,"RIO DE JANEIRO","ARMACAO DOS BUZIOS",-227528,-418846,34477
"3b063324","BOM JESUS DO ITABAPOANA",3,"RIO DE JANEIRO","BOM JESUS DO ITABAPOANA",-211449,-416822,37203
"76463b91","CAMPO LARGO",3,"TOCANTINS","CAMPO LARGO",-254525,-49529,133865
"40c7fb26","CARAPEBUS",3,"RIO DE JANEIRO","CARAPEBUS",-221821,-41663,16586
"7623a15c","FEIRA DE SANTANA",3,"BAHIA","FEIRA DE SANTANA",-122664,-389663,619609
"ff12e4a4","JOAO PESSOA",3,"PARAIBA","JOAO PESSOA",-711509,-348641,817511
"d8bcf750","RECIFE",3,"PERNAMBUCO","RECIFE",-804666,-348771,1653461
"93055327","SAO SEBASTIAO DO ALTO",3,"RIO DE JANEIRO","SAO SEBASTIAO DO ALTO",-219578,-421328,9387
"37e19c27","BARRA MANSA",3,"RIO DE JANEIRO","BARRA MANSA",-225481,-441752,184833
"8ca814aa","CACHOEIRAS DE MACACU",3,"RIO DE JANEIRO","CACHOEIRAS DE MACACU",-224658,-426523,59303
"87083f6c","DIVINO",3,"MINAS GERAIS","DIVINO",-206134,-421438,19976
"3efcdc6a","GUARULHOS",3,"SAO PAULO","GUARULHOS",-234538,-465333,1392121
"a83af9e5","IGUABA GRANDE",3,"RIO DE JANEIRO","IGUABA GRANDE",-228495,-422299,28837
"2a804e24","ITANHANDU",3,"MINAS GERAIS","ITANHANDU",-222942,-449382,15423
"cdbd5ef5","JOINVILLE",3,"SANTA CATARINA","JOINVILLE",-263045,-488487,597658
"14825aa5","MONTE ALEGRE DE SERGIPE",3,"SERGIPE","MONTE ALEGRE DE SERGIPE",-100256,-375616,15175
"cf2a1c5f","PAULINIA",3,"SAO PAULO","PAULINIA",-227542,-471488,112003
"050ff3c1","SANTO ANGELO",3,"RIO GRANDE DO SUL","SANTO ANGELO",-283001,-542668,77568
"6b3e6de6","SAO LUIS",3,"MARANHAO","SAO LUIS",-253874,-442825,1108975
"1e9f33dd","SAO VICENTE",3,"SAO PAULO","SAO VICENTE",-239574,-463883,368355
"e64e0a5b","TEIXEIRA DE FREITAS",3,"BAHIA","TEIXEIRA DE FREITAS",-175399,-39.74,162438
"f1c82a9b","IRUPI",3,"ESPIRITO SANTO","IRUPI",-203501,-416444,13526
"ca5ac1a8","MACAPA",3,"AMAPA","MACAPA",0.034934,-510694,512902
"f3eb91ed","MATEUS LEME",3,"MINAS GERAIS","MATEUS LEME",-199794,-444318,31364
"68dd4a8a","SAO BERNARDO DO CAMPO",3,"SAO PAULO","SAO BERNARDO DO CAMPO",-236914,-465646,844483
"805bfdbd","BARRA DOS COQUEIROS",3,"SERGIPE","BARRA DOS COQUEIROS",-108996,-370323,30930
"1d27b5c9","FORTALEZA",3,"CEARA","FORTALEZA",-371664,-385423,2686612
"354dd41e","OLINDA",3,"PERNAMBUCO","OLINDA",-801017,-348545,393115
"d9330169","CATAGUASES",3,"MINAS GERAIS","CATAGUASES",-213924,-426896,75540
"51b8d21e","SANTANA DE CATAGUASES",3,"MINAS GERAIS","SANTANA DE CATAGUASES",-212893,-425524,3891
"222db866","LEOPOLDINA",3,"MINAS GERAIS","LEOPOLDINA",-215296,-426421,52640
"68896392","SAO DOMINGOS DO NORTE",3,"ESPIRITO SANTO","SAO DOMINGOS DO NORTE",-191452,-406281,8687
"a3b94955","CAMPO MOURAO",3,"TOCANTINS","CAMPO MOURAO",-240463,-52378,95488
"f79deddf","ILHEUS",3,"BAHIA","ILHEUS",-14793,-39046,159923
"7677cc39","ITAMARAJU",3,"BAHIA","ITAMARAJU",-170378,-395386,64455
"708e9306","ORLANDIA",3,"SAO PAULO","ORLANDIA",-207169,-478852,44360
"b6b82d79","IBIUNA",3,"SAO PAULO","IBIUNA",-236596,-47223,79479
"1b1d5b16","SAO JOSE",3,"SANTA CATARINA","SAO JOSE",-276136,-486366,250181
"7eee655d","DIAS D'AVILA",3,"BAHIA","DIAS D'AVILA",-126187,-382926,82432
"faacf215","PORTO ALEGRE",3,"RIO GRANDE DO SUL","PORTO ALEGRE",-300318,-512065,1488252
"3c5d2006","PORTO BELO",3,"SANTA CATARINA","PORTO BELO",-271586,-485469,21932
"375b1e50","ITAGUAI",3,"RIO DE JANEIRO","ITAGUAI",-228636,-437798,134819
"5ab35ec5","ITATIAIA",3,"RIO DE JANEIRO","ITATIAIA",-224897,-445675,32064
"6b2048d8","JACAREI",3,"SAO PAULO","JACAREI",-232983,-459658,235416
"f700ad21","PARATI",3,"RIO DE JANEIRO","PARATY",-232221,-447175,43680
"556799c2","PIRAMBU",3,"SERGIPE","PIRAMBU",-107215,-368544,9359
"71139f01","SANTA MARIA",3,"RIO GRANDE DO SUL","SANTA MARIA",-296868,-538149,283677
"c89e06ac","SEROPEDICA",3,"RIO DE JANEIRO","SEROPEDICA",-227526,-437155,83092
"3ac556b0","APERIBE",3,"RIO DE JANEIRO","APERIBE",-216252,-421017,11901
"3a12515a","BARRA DO CHOCA",3,"BAHIA","BARRA DO CHOCA",-148654,-405791,31209
"e354a27f","SAO DOMINGOS",3,"BAHIA","SAO DOMINGOS",-114649,-395268,13103
"d20074b4","RIO BONITO",3,"RIO DE JANEIRO","RIO BONITO",-227181,-426276,60573
"87ebdc7a","DIVINOPOLIS",3,"MINAS GERAIS","DIVINOPOLIS",-201446,-448912,240408
"68fd3538","MANGARATIBA",3,"RIO DE JANEIRO","MANGARATIBA",-229594,-440409,45220
"176b860b","CAMOCIM",3,"CEARA","CAMOCIM",-29005,-408544,63907
"78f811f6","MUCURI",3,"BAHIA","MUCURI",-180754,-395565,42251
"a8c40757","CANOAS",3,"RIO GRANDE DO SUL","CANOAS",-299128,-511857,348208
"8b08d3a8","ITAOCARA",3,"RIO DE JANEIRO","ITAOCARA",-216748,-420758,23222
"802b12fa","SANTA GERTRUDES",3,"SAO PAULO","SANTA GERTRUDES",-224572,-475272,27381
"6513c2d1","TANGUA",3,"RIO DE JANEIRO","TANGUA",-227423,-427202,34610
"e632adba","ALVORADA",3,"RIO GRANDE DO SUL","ALVORADA",-124785,-491249,211352
"8ec31081","DIVINO DAS LARANJEIRAS",3,"MINAS GERAIS","DIVINO DAS LARANJEIRAS",-187755,-414781,4974
"ee764159","RIO CLARO",3,"RIO DE JANEIRO","RIO CLARO",-22.72,-441419,208008
"dcd4f7fb","CARAPICUIBA",3,"SAO PAULO","CARAPICUIBA",-235235,-468407,403183
"d5702a82","MAUA",3,"SAO PAULO","MAUA",-236677,-464613,477552
"640e0ddb","NOVA ITARANA",3,"BAHIA","NOVA ITARANA",-130241,-400653,8279
"61434900","PINHEIRO",3,"MARANHAO","PINHEIRO",-252224,-450788,83777
"4b1afea0","SAO SEBASTIAO DO PASSE",3,"BAHIA","SAO SEBASTIAO DO PASSE",-125123,-384905,44430
"8dfd01fe","BARRA DO PIRAI",3,"RIO DE JANEIRO","BARRA DO PIRAI",-224715,-438269,100764
"5137fa9f","CONSELHEIRO LAFAIETE",3,"MINAS GERAIS","CONSELHEIRO LAFAIETE",-206634,-437846,129606
"3fa26d8e","CURITIBA",3,"TOCANTINS","CURITIBA",-254195,-492646,1948626
"6cd8ad7e","GUARATUBA",3,"TOCANTINS","GUARATUBA",-258817,-485752,37527
"ecb9fb60","IMBITUBA",3,"SANTA CATARINA","IMBITUBA",-282284,-486659,45286
"6379c5cc","JARAGUA DO SUL",3,"SANTA CATARINA","JARAGUA DO SUL",-264851,-490713,181173
"b6fe9c78","MANAUS",3,"AMAZONAS","MANAUS",-311866,-600212,2219580
"a96083e5","NOVA LIMA",3,"MINAS GERAIS","NOVA LIMA",-199758,-438509,96157
"374516be","SERTAOZINHO",3,"SAO PAULO","SERTAOZINHO",-211316,-479875,127142
"17f9dc3f","VARZEA PAULISTA",3,"SAO PAULO","VARZEA PAULISTA",-232136,-468234,123071
"009a7be5","BALNEARIO CAMBORIU",3,"SANTA CATARINA","BALNEARIO CAMBORIU",-269926,-486352,145796
"3b231065","IPATINGA",3,"MINAS GERAIS","IPATINGA",-194703,-425476,265409
"ae174b0d","JAPERI",3,"RIO DE JANEIRO","JAPERI",-226435,-436602,105548
"01943c30","PARAIBA DO SUL",3,"RIO DE JANEIRO","PARAIBA DO SUL",-221585,-43304,44518
"3fe294cb","PIRAPETINGA",3,"MINAS GERAIS","PIRAPETINGA",-216554,-423434,10772
"a4658622","POCOS DE CALDAS",3,"MINAS GERAIS","POCOS DE CALDAS",-21.78,-465692,168641
"e4dc4624","RIO DAS FLORES",3,"RIO DE JANEIRO","RIO DAS FLORES",-221692,-435856,9344
"ed864ba8","RIO GRANDE",3,"RIO GRANDE DO SUL","RIO GRANDE",-320349,-521071,211965
"5d1621d3","CONCEICAO DO JACUIPE",3,"BAHIA","CONCEICAO DO JACUIPE",-123268,-387684,33398
"c1288320","BELMONTE",3,"SANTA CATARINA","BELMONTE",-26843,-535758,23437
"4f02a579","CAMPINA GRANDE",3,"PARAIBA","CAMPINA GRANDE",-722196,-358731,411807
"69d2c6eb","CAMPO BELO",3,"MINAS GERAIS","CAMPO BELO",-208932,-452699,54186
"3950a68d","LINS",3,"SAO PAULO","LINS",-216718,-497526,78503
"1f62502f","MARINGA",3,"TOCANTINS","MARINGA",-234205,-519333,430157
"59172a03","PALMARES",3,"PERNAMBUCO","PALMARES",-868423,-35589,63500
"ecdc657f","PORTO SEGURO",3,"BAHIA","PORTO SEGURO",-164435,-390643,150658
"1fac3a72","SAPE",3,"PARAIBA","SAPE",-709359,-35228,52804
"1eb93681","ESPERA FELIZ",3,"MINAS GERAIS","ESPERA FELIZ",-206508,-419119,25122
"8be09826","PARNAIBA",3,"PIAUI","PARNAIBA",-290585,-417754,153482
"33b327d0","PICOS",3,"PIAUI","PICOS",-707721,-41467,78431
"9b995625","VERA CRUZ",3,"RIO GRANDE DO NORTE","VERA CRUZ",-604399,-35428,43716
"93268344","AMAPORA",3,"TOCANTINS","AMAPORA",-230943,-527866,6332
"2f04ffde","CENTRAL DE MINAS",3,"MINAS GERAIS","CENTRAL DE MINAS",-187612,-413143,7046
"cd1fcde3","GOIANIA",3,"GOIAS","GOIANIA",-166864,-492643,1536097
"859f8146","CRUZEIRO",3,"SAO PAULO","CRUZEIRO",-225728,-44969,82571
"a651715f","LAURO DE FREITAS",3,"BAHIA","LAURO DE FREITAS",-128978,-38321,201635
"744f24b4","SAO JOAO DO MANTENINHA",3,"MINAS GERAIS","SAO JOAO DO MANTENINHA",-18723,-411628,5918
"efdcfed7","ITUETA",3,"MINAS GERAIS","ITUETA",-193999,-411746,6063
"c02daddd","JABOATAO DOS GUARARAPES",3,"PERNAMBUCO","JABOATAO DOS GUARARAPES",-811298,-35015,706867
"6d33c350","TABOAO DA SERRA",3,"SAO PAULO","TABOAO DA SERRA",-236019,-467526,293652
"5639e159","VARGEM ALEGRE",3,"MINAS GERAIS","VARGEM ALEGRE",-195988,-422949,6470
"8e17e1e5","BARAO DE COCAIS",3,"MINAS GERAIS","BARAO DE COCAIS",-199389,-434755,32866
"4e5a1cd8","GOVERNADOR VALADARES",3,"MINAS GERAIS","GOVERNADOR VALADARES",-188545,-419555,281046
"aef135ea","LAGES",3,"SANTA CATARINA","LAGES",-27815,-503259,157349
"29915611","PATROCINIO",3,"MINAS GERAIS","PATROCINIO",-189379,-469934,91449
"7b58da29","ANANINDEUA",3,"PARA","ANANINDEUA",-136391,-483743,535547
"623fb173","GUARATINGUETA",3,"SAO PAULO","GUARATINGUETA",-228075,-451938,122505
"26d040fc","GUARUJA",3,"SAO PAULO","GUARUJA",-239888,-46258,322750
"ed3876a1","MURIAE",3,"MINAS GERAIS","MURIAE",-21.13,-423693,109392
"4519acfc","TAMBAU",3,"SAO PAULO","TAMBAU",-217029,-472703,23232
"a1b46d9e","COQUEIRAL",3,"MINAS GERAIS","COQUEIRAL",-211858,-454366,9128
"410ab129","LAGUNA",3,"SANTA CATARINA","LAGUNA",-284843,-487772,46122
"8f4d8c4a","PIRASSUNUNGA",3,"SAO PAULO","PIRASSUNUNGA",-21996,-474257,76877
"9487c1e3","BOM JARDIM",3,"RIO DE JANEIRO","BOM JARDIM",-221545,-424251,41822
"4bac7f63","CAIANA",3,"MINAS GERAIS","CAIANA",-206956,-419292,5541
"e9078a21","CAMACARI",3,"BAHIA","CAMACARI",-126996,-383263,304302
"018d272f","CAXIAS DO SUL",3,"RIO GRANDE DO SUL","CAXIAS DO SUL",-291629,-511792,517451
"aae29b8f","JAGUARIAIVA",3,"TOCANTINS","JAGUARIAIVA",-242439,-497066,35027
"870ad89c","ERECHIM",3,"RIO GRANDE DO SUL","ERECHIM",-276364,-522697,106633
"7ba5a5be","IGARACU DO TIETE",3,"SAO PAULO","IGARACU DO TIETE",-22509,-485597,24749
"824b5420","MOJI MIRIM",3,"SAO PAULO","MOGI MIRIM",-224332,-469532,93650
"26f54bf6","RIBEIRAO PIRES",3,"SAO PAULO","RIBEIRAO PIRES",-237067,-464058,124159
"4b8496b5","VINHEDO",3,"SAO PAULO","VINHEDO",-230302,-469833,80111
"ea9415e7","CARMO",3,"RIO DE JANEIRO","CARMO",-21931,-426046,19030
"5722a691","MACUCO",3,"RIO DE JANEIRO","MACUCO",-219813,-422533,5623
"d2947f57","SAO GONCALO DO RIO ABAIXO",3,"MINAS GERAIS","SAO GONCALO DO RIO ABAIXO",-198221,-43366,11019
"65dc9402","TEOFILO OTONI",3,"MINAS GERAIS","TEOFILO OTONI",-178595,-415087,140937
"50d2ee59","UMUARAMA",3,"TOCANTINS","UMUARAMA",-237656,-533201,112500
"0ef7ba3e","AMERICANA",3,"SAO PAULO","AMERICANA",-227374,-473331,242018
"24ed9828","BELO HORIZONTE",3,"MINAS GERAIS","BELO HORIZONTE",-199102,-439266,2521564
"01f87708","CAPIVARI",3,"SAO PAULO","CAPIVARI",-229951,-475071,56379
"e5db1095","TAUBATE",3,"SAO PAULO","TAUBATE",-230104,-455593,317915
"7279012d","CUIABA",3,"ACRE","CUIABA",-15601,-560974,618124
"56d0d2ca","FOZ DO IGUACU",3,"TOCANTINS","FOZ DO IGUACU",-255427,-545827,258248
"6b6d6ef6","NOVA ERA",3,"MINAS GERAIS","NOVA ERA",-197577,-430333,17551
"64bd683e","OURO PRETO",3,"MINAS GERAIS","OURO PRETO",-203796,-43512,74558
"75ab07e1","PESCADOR",3,"MINAS GERAIS","PESCADOR",-18357,-416006,4256
"9c5ad675","SANTA CRUZ CABRALIA",3,"BAHIA","SANTA CRUZ CABRALIA",-162825,-390295,27922
"c7cf6e42","TOLEDO",3,"MINAS GERAIS","TOLEDO",-227421,-463728,142645
"638fc2f6","ALPINOPOLIS",3,"MINAS GERAIS","ALPINOPOLIS",-208631,-463878,19958
"ee781d8a","CENTRAL",3,"BAHIA","CENTRAL",-111376,-421116,17280
"721e3e26","MESQUITA",3,"RIO DE JANEIRO","MESQUITA",-228028,-434601,176569
"4ce0e01a","SANTA MARGARIDA",3,"MINAS GERAIS","SANTA MARGARIDA",-203839,-422519,16302
"4d0db62c","SETOR DE INDUSTRIA E ABASTECIMENTO",3,"DISTRITO FEDERAL","BRASILIA",-157795,-479297,3055149
"7d96cab7","SANTA MARIA MADALENA",3,"RIO DE JANEIRO","SANTA MARIA MADALENA",-219547,-420098,10392
"3bc66f96","CONTAGEM",3,"MINAS GERAIS","CONTAGEM",-199321,-440539,668949
"39be54ca","ESTIVA GERBI",3,"SAO PAULO","ESTIVA GERBI",-222713,-469481,11407
"4ff3625a","FREI GASPAR",3,"MINAS GERAIS","FREI GASPAR",-180709,-414325,5869
"45a3ffd0","MANHUACU",3,"MINAS GERAIS","MANHUACU",-202572,-42028,91169
"49abc08b","RIBEIRAO DAS NEVES",3,"MINAS GERAIS","RIBEIRAO DAS NEVES",-197621,-440844,338197
"64ded18e","SAO FRANCISCO DO SUL",3,"SANTA CATARINA","SAO FRANCISCO DO SUL",-262579,-486344,53746
"c48da01d","GOVERNADOR CELSO RAMOS",3,"SANTA CATARINA","GOVERNADOR CELSO RAMOS",-273172,-485576,14606
"704a8885","PARANAGUA",3,"TOCANTINS","PARANAGUA",-255161,-485225,156174
"4f4507ab","CARAGUATATUBA",3,"SAO PAULO","CARAGUATATUBA",-236125,-454125,123389
"f010d26c","SAO JOSE DA LAPA",3,"MINAS GERAIS","SAO JOSE DA LAPA",-196971,-439586,24135
"def138ea","BRASILIA",3,"DISTRITO FEDERAL","BRASILIA",-157795,-479297,3055149
"579c049b","GUARAMIRIM",3,"SANTA CATARINA","GUARAMIRIM",-264688,-490026,45797
"ac5ed6ef","UBAITABA",3,"BAHIA","UBAITABA",-14303,-393222,18847
"35e22962","CONGONHAS",3,"MINAS GERAIS","CONGONHAS",-204958,-43851,55309
"411a3e2e","RESPLENDOR",3,"MINAS GERAIS","RESPLENDOR",-193194,-412462,17396
"0e3b1176","ALTAMIRA",3,"PARA","ALTAMIRA",-320407,-52.21,115969
"7115c9c5","ARACATI",3,"CEARA","ARACATI",-455826,-377679,74975
"8fce5952","BELO ORIENTE",3,"MINAS GERAIS","BELO ORIENTE",-192199,-424828,26994
"ccfc43af","BOMBINHAS",3,"SANTA CATARINA","BOMBINHAS",-271382,-485146,20335
"87993879","JAU",3,"SAO PAULO","JAU",-222936,-485592,151881
"1eac0877","JOAO ALFREDO",3,"PERNAMBUCO","JOAO ALFREDO",-786565,-355787,33328
"e247ee89","MUTUM",3,"MINAS GERAIS","MUTUM",-198121,-414407,26961
"8e15c546","PARACAMBI",3,"RIO DE JANEIRO","PARACAMBI",-226078,-437108,52683
"b9ca845b","PIO IX",3,"PIAUI","PIO IX",-683002,-406083,18459
"5fcff092","PIRACICABA",3,"SAO PAULO","PIRACICABA",-227338,-476476,407252
"80f0a8c8","RIBEIRA DO POMBAL",3,"BAHIA","RIBEIRA DO POMBAL",-108373,-385382,53956
"924a17c0","SALGUEIRO",3,"PERNAMBUCO","SALGUEIRO",-807373,-391247,61249
"59be9ae0","SANTA CRUZ",3,"RIO GRANDE DO NORTE","SANTA CRUZ",-622475,-360193,39988
"b53129e4","AGUAS CLARAS",3,"DISTRITO FEDERAL","AGUA CLARA",-204452,-52879,15776
"35d683b4","BLUMENAU",3,"SANTA CATARINA","BLUMENAU",-269155,-490709,361855
"51bd366c","BOCAIUVA",3,"MINAS GERAIS","BOCAIUVA",-171135,-438104,50256
"d61c4383","BOM DESPACHO",3,"MINAS GERAIS","BOM DESPACHO",-197386,-452622,51028
"7f533b58","FORTIM",3,"CEARA","FORTIM",-445126,-377981,16631
"805fbad1","NEOPOLIS",3,"SERGIPE","NEOPOLIS",-103215,-36585,18703
"24b84060","PAULISTA",3,"PARAIBA","PAULISTA",-659138,-376185,334376
"9cbaa073","PORTO VELHO",3,"RONDONIA","PORTO VELHO",-876077,-638999,539354
"f5319103","PUREZA",3,"RIO GRANDE DO NORTE","PUREZA",-546393,-355554,9724
"380d69c8","SAO CRISTOVAO",3,"SERGIPE","SAO CRISTOVAO",-110084,-372044,91093
"91e67f7e","SAO MIGUEL DOS CAMPOS",3,"MATO GROSSO DO SUL","SAO MIGUEL DOS CAMPOS",-978301,-360971,61797
"c74febf0","TAMANDARE",3,"PERNAMBUCO","TAMANDARE",-875665,-351033,23623
"ee34d85c","UBERABA",3,"MINAS GERAIS","UBERABA",-197472,-479381,337092
"d926ae23","DUAS BARRAS",3,"RIO DE JANEIRO","DUAS BARRAS",-220536,-425232,11528
"6f8a7782","IPANEMA",3,"MINAS GERAIS","IPANEMA",-197992,-417164,20000
"0e389d68","JUAZEIRO DO NORTE",3,"CEARA","JUAZEIRO DO NORTE",-719621,-393076,276264
"ef4aad65","ICAPUI",3,"CEARA","ICAPUI",-471206,-373531,20060
"53456d4f","SAO CARLOS",3,"SAO PAULO","SAO CARLOS",-220174,-47886,254484
"6460719b","ESTRELA DALVA",3,"MINAS GERAIS","ESTRELA DALVA",-217412,-424574,2325
"3fdc1129","ARARAQUARA",3,"SAO PAULO","ARARAQUARA",-217845,-48178,238339
"a046d805","BAIA FORMOSA",3,"RIO GRANDE DO NORTE","BAIA FORMOSA",-637161,-350033,9322
"f7b5bc97","BOQUIM",3,"SERGIPE","BOQUIM",-111397,-376195,26899
"244fa27b","ITARIRI",3,"SAO PAULO","ITARIRI",-242834,-471736,17598
"ff323dbf","SAO LOURENCO DO SUL",3,"RIO GRANDE DO SUL","SAO LOURENCO DO SUL",-313564,-519715,43540
"59ffc2bf","CARLOS CHAGAS",3,"MINAS GERAIS","CARLOS CHAGAS",-176973,-407723,18674
"17655b26","COLOMBO",3,"TOCANTINS","COLOMBO",-252925,-492262,246540
"80163659","CRUZ DAS ALMAS",3,"BAHIA","CRUZ DAS ALMAS",-126675,-391008,63591
"01a50325","SAO MIGUEL DO ANTA",3,"MINAS GERAIS","SAO MIGUEL DO ANTA",-207067,-427174,6944
"9820a8e7","SENHORA DO PORTO",3,"MINAS GERAIS","SENHORA DO PORTO",-188909,-430799,3519
"8bd1cb44","VALENCA",3,"BAHIA","VALENCA",-133669,-39073,97233
"7a8d7dd6","ITABIRA",3,"MINAS GERAIS","ITABIRA",-196239,-432312,120904
"781f7849","SALINAS DA MARGARIDA",3,"BAHIA","SALINAS DA MARGARIDA",-12873,-387562,15862
"b865cad9","GUARATINGA",3,"BAHIA","GUARATINGA",-165833,-397847,20700
"2f4558bf","INDIANA",3,"SAO PAULO","INDIANA",-221738,-512555,4879
"cfda968c","LIMEIRA",3,"SAO PAULO","LIMEIRA",-22566,-47397,308482
"328219e5","ITABIRINHA",3,"MINAS GERAIS","ITABIRINHA",-185712,-41234,11576
"0de61a2b","BURITIS",3,"RONDONIA","BURITIS",-101943,-638324,40356
"6d6a8ae4","CONSELHEIRO PENA",3,"MINAS GERAIS","CONSELHEIRO PENA",-191789,-414736,22949
"9e5ce391","IBIRITE",3,"MINAS GERAIS","IBIRITE",-200252,-440569,182153
"29003f87","JEQUERI",3,"MINAS GERAIS","JEQUERI",-204542,-426651,12315
"76e880df","PRESIDENTE PRUDENTE",3,"SAO PAULO","PRESIDENTE PRUDENTE",-221207,-513925,230371
"89c67a9f","ITABUNA",3,"BAHIA","ITABUNA",-147876,-392781,213685
"25f02aec","UBATUBA",3,"SAO PAULO","UBATUBA",-234332,-450834,91824
"8d12f665","COTIA",3,"SAO PAULO","COTIA",-236022,-46919,253608
"cdb7be87","CAMPO GRANDE",3,"MATO GROSSO DO SUL","CAMPO GRANDE",-995542,-367926,906092
"1086c173","CANDEIAS",3,"BAHIA","CANDEIAS",-126716,-385472,87458
"538b353f","PACAEMBU",3,"SAO PAULO","PACAEMBU",-215627,-512654,14263
"4da43ddc","VOTORANTIM",3,"SAO PAULO","VOTORANTIM",-235446,-474388,123599
"e57864ad","BOA VISTA",3,"RORAIMA","BOA VISTA",282384,-606753,419652
"7a1f682b","SANTA BRANCA",3,"SAO PAULO","SANTA BRANCA",-233933,-458875,14857
"0487f735","MOGI DAS CRUZES",3,"SAO PAULO","MOGI DAS CRUZES",-235208,-461854,450785
"f6338f5c","PARAUAPEBAS",3,"PARA","PARAUAPEBAS",-606781,-499037,213576
"f4ef2bc1","LAGOA SANTA",3,"GOIAS","LAGOA SANTA",-191832,-513998,65657
"a606cab6","PONTE NOVA",3,"MINAS GERAIS","PONTE NOVA",-204111,-428978,59875
"4e45708d","RIO DOCE",3,"MINAS GERAIS","RIO DOCE",-202412,-428995,2620
"88aac045","ENTRE RIOS",3,"BAHIA","ENTRE RIOS",-119392,-380871,41901
"7cc0c9be","EUCLIDES DA CUNHA PAULISTA",3,"SAO PAULO","EUCLIDES DA CUNHA PAULISTA",-225545,-525928,9325
"f15b1ed8","GASPAR",3,"SANTA CATARINA","GASPAR",-269336,-489534,70793
"0bf2c580","NOVO REPARTIMENTO",3,"PARA","NOVO REPARTIMENTO",-424749,-499499,77214
#N/D
"513f3d5f","TUCURUI",3,"PARA","TUCURUI",-37657,-496773,115144
"f8d7872e","FRANCISCOPOLIS",3,"MINAS GERAIS","FRANCISCOPOLIS",-179578,-420094,5338
"ae4e7741","OSASCO",3,"SAO PAULO","OSASCO",-235324,-467916,699944
"790ca7a4","SABARA",3,"MINAS GERAIS","SABARA",-19884,-438263,137125
"07cca507","SALTO",3,"SAO PAULO","SALTO",-231996,-472931,119736
"32161e26","SANTA RITA",3,"MARANHAO","SANTA RITA",-314241,-443211,137349
"ced877d5","VASSOURAS",3,"RIO DE JANEIRO","VASSOURAS",-224059,-436686,37083
"ab2cb479","BRAGANCA PAULISTA",3,"SAO PAULO","BRAGANCA PAULISTA",-229527,-465419,170533
"b1d9552f","PONTA GROSSA",3,"TOCANTINS","PONTA GROSSA",-250916,-501668,355336
"dc9e925e","BOM SUCESSO",3,"MINAS GERAIS","BOM SUCESSO",-210329,-447537,17607
"54256755","ITAPECERICA DA SERRA",3,"SAO PAULO","ITAPECERICA DA SERRA",-237161,-468572,177662
"85db0b95","LORENA",3,"SAO PAULO","LORENA",-227334,-451197,89125
"b9d3f6db","SIMAO DIAS",3,"SERGIPE","SIMAO DIAS",-107387,-378097,40606
"1a3b4e6d","AGUAS DE SANTA BARBARA",3,"SAO PAULO","AGUAS DE SANTA BARBARA",-228812,-492421,6109
"0847e753","AREIA BRANCA",3,"RIO GRANDE DO NORTE","AREIA BRANCA",-495254,-371252,27967
"d21d78b5","CUBATAO",3,"SAO PAULO","CUBATAO",-238911,-46424,131626
"b26a6034","ITU",3,"SAO PAULO","ITU",-232544,-472927,175568
"12dfa5c2","RIO BRANCO",3,"ACRE","RIO BRANCO",-152483,-581259,413418
"331c0e39","SANTA HELENA DE GOIAS",3,"GOIAS","SANTA HELENA DE GOIAS",-178115,-505977,38808
"47516e26","SAO BENTO DO NORTE",3,"RIO GRANDE DO NORTE","SAO BENTO DO NORTE",-509259,-359587,2717
"10a9e839","CORUMBA",3,"MATO GROSSO DO SUL","CORUMBA",-190077,-57651,112058
"61729df7","ANAPOLIS",3,"GOIAS","ANAPOLIS",-163281,-48953,391772
"92cb9f65","CORONEL FABRICIANO",3,"MINAS GERAIS","CORONEL FABRICIANO",-195179,-426276,110290
"269b4c39","MESSIAS",3,"MATO GROSSO DO SUL","MESSIAS",-939384,-358392,18031
"b4865c7b","MOCAJUBA",3,"PARA","MOCAJUBA",-25831,-495042,31530
"cd882183","UBERLANDIA",3,"MINAS GERAIS","UBERLANDIA",-189141,-482749,699097
"36c1115d","IPABA",3,"MINAS GERAIS","IPABA",-194158,-424139,18769
"2c88e62b","LENCOIS PAULISTA",3,"SAO PAULO","LENCOIS PAULISTA",-226027,-488037,68990
"ffd7e8fe","MULITERNO",3,"RIO GRANDE DO SUL","MULITERNO",-283253,-517697,1897
"36f83946","SAO FRANCISCO DO CONDE",3,"BAHIA","SAO FRANCISCO DO CONDE",-126183,-386786,40245
"da9053c6","TERESINA",3,"PIAUI","TERESINA",-509194,-428034,868075
"bacd96bd","VOTUPORANGA",3,"SAO PAULO","VOTUPORANGA",-204237,-499781,95338
"70e43697","ARAGUARI",3,"MINAS GERAIS","ARAGUARI",-186456,-481934,117825
"b710cebc","BICAS",3,"MINAS GERAIS","BICAS",-217232,-43056,14554
"071f7db5","CAUCAIA",3,"CEARA","CAUCAIA",-372797,-386619,365212
"e378fc87","FERVEDOURO",3,"MINAS GERAIS","FERVEDOURO",-20726,-42279,11054
"6f0d8314","GOIANA",3,"MINAS GERAIS","GOIANA",-21536,-431957,80055
"02c8cbb1","HORTOLANDIA",3,"SAO PAULO","HORTOLANDIA",-228529,-472143,234259
"53ddae88","ITAGUACU DA BAHIA",3,"BAHIA","ITAGUACU DA BAHIA",-110147,-423997,14542
"36d6c258","LAJE DO MURIAE",3,"RIO DE JANEIRO","LAJE DO MURIAE",-212091,-421271,7326
"1997d4b7","MACAU",3,"RIO GRANDE DO NORTE","MACAU",-510795,-366318,32039
"a8603062","SAO LOURENCO",3,"MINAS GERAIS","SAO LOURENCO",-221166,-450506,46202
"02933df3","TIMOTEO",3,"MINAS GERAIS","TIMOTEO",-195811,-426471,90568
"75c5e118","VITORIA DO MEARIM",3,"MARANHAO","VITORIA DO MEARIM",-345125,-448643,32861
"1e4f2dea","ABAETETUBA",3,"PARA","ABAETETUBA",-172183,-488788,159080
"c6de4926","BARUERI",3,"SAO PAULO","BARUERI",-235057,-46879,276982
"4ec731d4","BRASILIA - ASA SUL",3,"DISTRITO FEDERAL","BRASILIA",-157795,-479297,3055149
"9061a230","ITABIRITO",3,"MINAS GERAIS","ITABIRITO",-202501,-438038,52446
"e3305690","ITAPEVI",3,"SAO PAULO","ITAPEVI",-235488,-469327,240961
"0ac0d55e","MEDEIROS NETO",3,"BAHIA","MEDEIROS NETO",-173707,-402238,22716
"c959ffde","SERRA DOS AIMORES",3,"MINAS GERAIS","SERRA DOS AIMORES",-177872,-402453,8713
"f5c72a62","AGUA BRANCA",3,"PIAUI","AGUA BRANCA",-588856,-42637,20230
"60ad6dc9","CAPANEMA",3,"PARA","CAPANEMA",-120529,-471778,69431
"7e09b109","DELMIRO GOUVEIA",3,"MATO GROSSO DO SUL","DELMIRO GOUVEIA",-938534,-379987,52262
"335b168e","MANHUMIRIM",3,"MINAS GERAIS","MANHUMIRIM",-203591,-419589,22802
"8e0c3916","PAULO AFONSO",3,"BAHIA","PAULO AFONSO",-93983,-382216,118516
"a2f8a9e2","CAPIM BRANCO",3,"MINAS GERAIS","CAPIM BRANCO",-195471,-441304,9826
"78feaee2","LOUVEIRA",3,"SAO PAULO","LOUVEIRA",-230856,-469484,49993
"4d475b7e","ASSIS BRASIL",3,"ACRE","ASSIS BRASIL",-109298,-695738,7534
"e806dbf4","EUNAPOLIS",3,"BAHIA","EUNAPOLIS",-163715,-395821,114396
"bb6a197a","PIRANHAS",3,"MATO GROSSO DO SUL","PIRANHAS",-9624,-37757,25183
"a5243e56","SAO JOSE DA BARRA",3,"MINAS GERAIS","SAO JOSE DA BARRA",-207178,-46313,7480
"1e517955","TRES RIOS",3,"RIO DE JANEIRO","TRES RIOS",-221165,-432185,82142
"d679739a","BETIM",3,"MINAS GERAIS","BETIM",-199668,-442008,444784
"01be2282","SAO MIGUEL ARCANJO",3,"SAO PAULO","SAO MIGUEL ARCANJO",-238782,-479935,33002
"61ef3437","IBIPORA",3,"TOCANTINS","IBIPORA",-232659,-510522,55131
"c74abe56","SANTO ANTONIO DA PATRULHA",3,"RIO GRANDE DO SUL","SANTO ANTONIO DA PATRULHA",-298268,-505175,43171
"4539a575","DIADEMA",3,"SAO PAULO","DIADEMA",-236813,-466205,426757
"244ab676","MARECHAL CANDIDO RONDON",3,"TOCANTINS","MARECHAL CANDIDO RONDON",-24557,-540571,53495
"e8a10874","ARARI",3,"MARANHAO","ARARI",-345214,-447665,29932
"38db423f","MAIRINQUE",3,"SAO PAULO","MAIRINQUE",-235398,-47185,47441
"ee3fd231","MATIPO",3,"MINAS GERAIS","MATIPO",-202873,-423401,19005
"3e415005","SANTA RITA DO SAPUCAI",3,"MINAS GERAIS","SANTA RITA DO SAPUCAI",-222461,-457034,43753
"45a52937","CABO DE SANTO AGOSTINHO",3,"PERNAMBUCO","CABO DE SANTO AGOSTINHO",-828218,-350253,208944
"f18e6765","JAGUARIUNA",3,"SAO PAULO","JAGUARIUNA",-227037,-469851,58722
"c0238c0f","MATA DE SAO JOAO",3,"BAHIA","MATA DE SAO JOAO",-125307,-383009,47126
"09bc3716","SAO JOSE DO MANTIMENTO",3,"MINAS GERAIS","SAO JOSE DO MANTIMENTO",-200058,-417486,2806
"7519776f","VERTENTE DO LERIO",3,"PERNAMBUCO","VERTENTE DO LERIO",-777084,-358491,7571
"d5fa332d","BARCARENA",3,"PARA","BARCARENA",-151187,-486195,127027
"2ad3358d","ESPERANTINA",3,"PIAUI","ESPERANTINA",-536593,-485378,39848
"9a732a2b","FLORESTA DO PIAUI",3,"PIAUI","FLORESTA DO PIAUI",-746682,-417883,2560
"46336bbf","GENTIO DO OURO",3,"BAHIA","GENTIO DO OURO",-114342,-425077,11259
"fe2d9e5a","GUAXUPE",3,"MINAS GERAIS","GUAXUPE",-21305,-467081,52078
"a1145b8a","UBA",3,"MINAS GERAIS","UBA",-211204,-429359,116797
"325c7438","ZE DOCA",3,"MARANHAO","ZE DOCA",-327014,-456553,51956
"1e5203a1","CAMPO LIMPO PAULISTA",3,"SAO PAULO","CAMPO LIMPO PAULISTA",-232078,-467889,85541
"5382ad28","CAPELA",3,"MATO GROSSO DO SUL","CAPELA",-941504,-360826,34514
"1dcb03f8","INDAIATUBA",3,"SAO PAULO","INDAIATUBA",-230816,-472101,256223
"8ef22951","PINHAIS",3,"TOCANTINS","PINHAIS",-254429,-491927,133490
"cdea6b38","POJUCA",3,"BAHIA","POJUCA",-124303,-383374,39972
"aaefdee8","SARZEDO",3,"MINAS GERAIS","SARZEDO",-200367,-441446,33413
"71078fbf","TURMALINA",3,"SAO PAULO","TURMALINA",-200486,-504792,20125
"83bf7cdd","URANDI",3,"BAHIA","URANDI",-147678,-426498,16665
"d779371b","CURVELO",3,"MINAS GERAIS","CURVELO",-187527,-444303,80616
"7c19eeca","SANTA RITA DO ITUETO",3,"MINAS GERAIS","SANTA RITA DO ITUETO",-193576,-413821,5457
"a04bf59a","CAICARA DO NORTE",3,"RIO GRANDE DO NORTE","CAICARA DO NORTE",-507091,-360717,6561
"04731df0","MARAU",3,"RIO GRANDE DO SUL","MARAU",-284498,-521986,44858
"09eddcb4","FERRAZ DE VASCONCELOS",3,"SAO PAULO","FERRAZ DE VASCONCELOS",-235411,-46371,196500
"388b86b1","NOVA ALVORADA DO SUL",3,"MATO GROSSO DO SUL","NOVA ALVORADA DO SUL",-214657,-543825,22430
"dae429d4","AROAZES",3,"PIAUI","AROAZES",-611022,-417822,5827
"6a462b52","CAIEIRAS",3,"SAO PAULO","CAIEIRAS",-233607,-467397,102775
"40e3586e","PORTO REAL",3,"RIO DE JANEIRO","PORTO REAL",-224175,-442952,19974
"8ef025d7","PRAIA GRANDE",3,"SAO PAULO","PRAIA GRANDE",-240084,-464121,330845
"78828665","NOSSA SENHORA DO SOCORRO",3,"SERGIPE","NOSSA SENHORA DO SOCORRO",-108468,-371231,185706
"107b2045","ROLIM DE MOURA",3,"RONDONIA","ROLIM DE MOURA",-117271,-617714,55407
"91259aad","ALTO JEQUITIBA",3,"MINAS GERAIS","ALTO JEQUITIBA",-204208,-41967,8301
"974d911c","BEBEDOURO",3,"SAO PAULO","BEBEDOURO",-209491,-484791,77555
"8f9c0330","RIACHO DE SANTANA",3,"RIO GRANDE DO NORTE","RIACHO DE SANTANA",-625139,-383116,35593
"ee94d940","SERRANA",3,"SAO PAULO","SERRANA",-212043,-475952,45644
"e92b497c","ARCOS",3,"MINAS GERAIS","ARCOS",-202863,-455373,40380
"24232e43","CHAPADAO DO CEU",3,"GOIAS","CHAPADAO DO CEU",-184073,-52549,10486
"7e1c79f1","CAMPOS DO JORDAO",3,"SAO PAULO","CAMPOS DO JORDAO",-227296,-455833,52405
"7cbd442d","ITURAMA",3,"MINAS GERAIS","ITURAMA",-197276,-501966,39690
"09a26422","BOM JESUS DA PENHA",3,"MINAS GERAIS","BOM JESUS DA PENHA",-210148,-465174,4244
"4a78ce8c","MONGAGUA",3,"SAO PAULO","MONGAGUA",-240809,-466265,57648
"b10e13c0","ABARE",3,"BAHIA","ABARE",-872073,-391162,20347
"a7d6bb6d","ITABELA",3,"BAHIA","ITABELA",-165732,-395593,30747
"9f4454b5","ARAQUARI",3,"SANTA CATARINA","ARAQUARI",-263754,-487188,39524
"240ac0e8","OLIMPIA",3,"SAO PAULO","OLIMPIA",-207366,-489106,55130
"840b6b87","PALMAS",3,"TOCANTINS","PALMAS",-264839,-519888,306296
"72e86a58","PATO BRANCO",3,"TOCANTINS","PATO BRANCO",-262292,-526706,83843
"4e7ef169","SUL BRASIL",3,"SANTA CATARINA","SUL BRASIL",-267351,-52964,2423
"81d3d663","TRES LAGOAS",3,"MATO GROSSO DO SUL","TRES LAGOAS",-207849,-517007,123281
"face4862","VESPASIANO",3,"MINAS GERAIS","VESPASIANO",-196883,-439239,129765
"629ab485","VISTA ALEGRE DO ALTO",3,"SAO PAULO","VISTA ALEGRE DO ALTO",-211692,-486284,8989
"e283dd36","BAURU",3,"SAO PAULO","BAURU",-223246,-490871,379297
"42e80f7a","CACHOEIRA DA PRATA",3,"MINAS GERAIS","CACHOEIRA DA PRATA",-19521,-444544,3591
"2fff0250","DIONISIO",3,"MINAS GERAIS","DIONISIO",-198433,-427701,7609
"1dcb419a","INDAIAL",3,"SANTA CATARINA","INDAIAL",-268992,-492354,70900
"a693a0c8","PIRIPIRI",3,"PIAUI","PIRIPIRI",-427157,-417716,63787
"ff5c51c2","RIBEIRAO PRETO",3,"SAO PAULO","RIBEIRAO PRETO",-211699,-478099,711825
"0fe682e2","TERESINA DE GOIAS",3,"GOIAS","TERESINA DE GOIAS",-137801,-472659,3498
"27b3488d","TUTOIA",3,"MARANHAO","TUTOIA",-276141,-422755,59398
"9d1b27c1","SANTA LUZIA",3,"MARANHAO","SANTA LUZIA",-406873,-45.69,220444
"4e94bdd3","SIMOES FILHO",3,"BAHIA","SIMOES FILHO",-127866,-384029,135783
"d9c55b3e","VALINHOS",3,"SAO PAULO","VALINHOS",-229698,-469974,131210
"d49e8135","DIAMANTINA",3,"MINAS GERAIS","DIAMANTINA",-182413,-436031,47825
"380ff542","XIQUE-XIQUE",3,"BAHIA","XIQUE-XIQUE",-10823,-427245,46523
"6c1480b2","ABAIRA",3,"BAHIA","ABAIRA",-132488,-416619,8710
"0925c75b","IPIAU",3,"BAHIA","IPIAU",-141226,-397353,45922
"efdd64b2","JAPOATA",3,"SERGIPE","JAPOATA",-103477,-368045,13429
"188bca2b","PIRANGUINHO",3,"MINAS GERAIS","PIRANGUINHO",-22395,-455324,8640
"aa71ffca","ALCOBACA",3,"BAHIA","ALCOBACA",-175195,-392036,22490
"3f22b895","BALNEARIO PICARRAS",3,"SANTA CATARINA","BALNEARIO PICARRAS",-267639,-486717,23772
"06c630b8","CONCEICAO DO MATO DENTRO",3,"MINAS GERAIS","CONCEICAO DO MATO DENTRO",-190344,-434221,17503
"30bfb991","CUPARAQUE",3,"MINAS GERAIS","CUPARAQUE",-189648,-410986,5005
"3cf12c89","PRAINHA",3,"PARA","PRAINHA",-1798,-534779,29846
"3bf745b2","TAIOBEIRAS",3,"MINAS GERAIS","TAIOBEIRAS",-158106,-422259,34397
"6dc49fe6","COCAL DE TELHA",3,"PIAUI","COCAL DE TELHA",-45571,-419587,4899
"c7f5bca0","GOIABEIRA",3,"MINAS GERAIS","GOIABEIRA",-189807,-412235,3378
"1e87d6d0","CANAA DOS CARAJAS",3,"PARA","CANAA DOS CARAJAS",-649659,-498776,38103
"58b576e7","BRASILEIRA",3,"PIAUI","BRASILEIRA",-41337,-417859,8347
"bf453c6e","JANDIRA",3,"SAO PAULO","JANDIRA",-235275,-469023,126356
"043955d1","LAFAIETE COUTINHO",3,"BAHIA","LAFAIETE COUTINHO",-136541,-402119,3693
"e5c29fe9","SINOP",3,"ACRE","SINOP",-118604,-555091,146005
"bdb106e5","CAMPO BOM",3,"RIO GRANDE DO SUL","CAMPO BOM",-296747,-510606,69458
"b35d3120","EUSEBIO",3,"CEARA","EUSEBIO",-38925,-384559,54337
"ec59c318","ARROIO DO MEIO",3,"RIO GRANDE DO SUL","ARROIO DO MEIO",-294014,-519557,20967
"7f4e13b3","ARUJA",3,"SAO PAULO","ARUJA",-233965,-46.32,91157
"c5fcac5b","MARIANA",3,"MINAS GERAIS","MARIANA",-203765,-43414,61288
"e157f88f","BARIRI",3,"SAO PAULO","BARIRI",-22073,-487438,35558
"5c4dd8c2","ANTONIO CARLOS",3,"SANTA CATARINA","ANTONIO CARLOS",-275191,-48766,11459
"e05d1767","ABADIA DOS DOURADOS",3,"MINAS GERAIS","ABADIA DOS DOURADOS",-184831,-473916,7006
"d6ed321d","CAMPOS SALES",3,"CEARA","CAMPOS SALES",-706761,-403687,27470
"8ce80c22","SAO SEBASTIAO",3,"SAO PAULO","SAO SEBASTIAO",-237951,-454143,90328
"7a8b2530","VARGINHA",3,"MINAS GERAIS","VARGINHA",-215556,-454364,136602
"6d52a5ce","AURORA DO PARA",3,"PARA","AURORA DO PARA",-214898,-475677,31773
"f8a07391","LAGOA DOURADA",3,"MINAS GERAIS","LAGOA DOURADA",-209139,-440797,13063
"551c1f55","MARECHAL DEODORO",3,"MATO GROSSO DO SUL","MARECHAL DEODORO",-970971,-358967,52380
"77f01189","NOSSA SENHORA DAS DORES",3,"SERGIPE","NOSSA SENHORA DAS DORES",-104854,-371963,26795
"8828e014","CAETE",3,"MINAS GERAIS","CAETE",-198826,-436704,45047
"73a1b601","CARUARU",3,"PERNAMBUCO","CARUARU",-828455,-359699,365278
"757c5400","PADRE PARAISO",3,"MINAS GERAIS","PADRE PARAISO",-170758,-414821,20252
"7e066f7f","PINDOBACU",3,"BAHIA","PINDOBACU",-107433,-403675,20098
"68af2ef6","SANTA BARBARA",3,"BAHIA","SANTA BARBARA",-119515,-389681,31604
"b28806f8","VICOSA",3,"RIO GRANDE DO NORTE","VICOSA",-598253,-379462,79388
"6a626aa1","AMPARO DO SERRA",3,"MINAS GERAIS","AMPARO DO SERRA",-205051,-428009,5053
"11c0b0bd","AREIAS",3,"SAO PAULO","AREIAS",-225786,-446992,3896
"df0c4c5d","SAO JOSE DE UBA",3,"RIO DE JANEIRO","SAO JOSE DE UBA",-213661,-419511,7206
"6ee6e79d","GALILEIA",3,"MINAS GERAIS","GALILEIA",-190005,-415387,6790
"a1398693","PRIMAVERA DE RONDONIA",3,"RONDONIA","PRIMAVERA DE RONDONIA",-118295,-613153,2776
"a68bf6b0","CATENDE",3,"PERNAMBUCO","CATENDE",-867509,-357024,43340
"afe09be5","FELICIO DOS SANTOS",3,"MINAS GERAIS","FELICIO DOS SANTOS",-180755,-432422,4704
"8ad0fee9","SAO FRANCISCO DE PAULA",3,"RIO GRANDE DO SUL","SAO FRANCISCO DE PAULA",-294404,-505828,21801
"d66f83da","SAO ROQUE",3,"SAO PAULO","SAO ROQUE",-235226,-471357,92060
"9daec7ec","SILVA JARDIM",3,"RIO DE JANEIRO","SILVA JARDIM",-226574,-423961,21774
"646474f8","CAICO",3,"RIO GRANDE DO NORTE","CAICO",-645441,-371067,68343
"fee0f3f2","CAMPOS BELOS",3,"GOIAS","CAMPOS BELOS",-13035,-467681,20007
"b38d717c","OLIVEIRA",3,"MINAS GERAIS","OLIVEIRA",-206982,-44829,41840
"0171af10","SANTA BARBARA D'OESTE",3,"SAO PAULO","SANTA BARBARA D'OESTE",-227553,-474143,194390
"d689be37","MAIRIPORA",3,"SAO PAULO","MAIRIPORA",-233171,-465897,101937
"2cf21ece","ILHABELA",3,"SAO PAULO","ILHABELA",-237785,-453552,35591
"55d44acd","AGUA DOCE DO MARANHAO",3,"MARANHAO","AGUA DOCE DO MARANHAO",-284048,-421189,12652
"9372053e","OURO PRETO DO OESTE",3,"RONDONIA","OURO PRETO DO OESTE",-107167,-622565,35737
"c730e46e","JUAZEIRO",3,"BAHIA","JUAZEIRO",-941622,-405033,218162
"7375c75b","MINACU",3,"GOIAS","MINACU",-135304,-482206,28793
"366c5a71","SAO VICENTE DE MINAS",3,"MINAS GERAIS","SAO VICENTE DE MINAS",-217042,-444431,7815
"abe8f76e","PARACATU",3,"MINAS GERAIS","PARACATU",-172252,-468711,93862
"9aa3047b","CAMBE",3,"TOCANTINS","CAMBE",-232766,-512798,107341
"7fd5f376","RIACHO DAS ALMAS",3,"PERNAMBUCO","RIACHO DAS ALMAS",-813742,-358648,20646
"6336d9ba","SAO DOMINGOS DAS DORES",3,"MINAS GERAIS","SAO DOMINGOS DAS DORES",-195246,-420106,5658
"cc563a98","ADOLFO",3,"SAO PAULO","ADOLFO",-212325,-496451,3554
"70329f1b","CHALE",3,"MINAS GERAIS","CHALE",-200453,-416897,5699
"4767121d","FRANCA",3,"SAO PAULO","FRANCA",-205352,-474039,355901
"10f714a0","MERCES",3,"MINAS GERAIS","MERCES",-211976,-433337,10758
"3f23bfc2","ESPIRITO SANTO DO PINHAL",3,"SAO PAULO","ESPIRITO SANTO DO PINHAL",-221909,-467477,44471
"93e480bd","RIBEIRAO BRANCO",3,"SAO PAULO","RIBEIRAO BRANCO",-242206,-487635,16211
"1c7f0619","ITUIUTABA",3,"MINAS GERAIS","ITUIUTABA",-189772,-494639,105255
"3e7dea4a","MONTES CLAROS",3,"MINAS GERAIS","MONTES CLAROS",-167282,-438578,413487
"480696cd","MONTE CASTELO",3,"SANTA CATARINA","MONTE CASTELO",-26461,-502327,8269
"5bbc64d3","XANXERE",3,"SANTA CATARINA","XANXERE",-268747,-524036,51642
"7a51928a","XAXIM",3,"SANTA CATARINA","XAXIM",-269596,-525374,28983
"32d7c1ce","SANTA RITA DE MINAS",3,"MINAS GERAIS","SANTA RITA DE MINAS",-19876,-421363,7268
"9de928de","PORTO AMAZONAS",3,"TOCANTINS","PORTO AMAZONAS",-25.54,-498946,4874
"cc50f766","SANTA MARIA DO OESTE",3,"TOCANTINS","SANTA MARIA DO OESTE",-249377,-518696,9410
"7e8fbf0b","ITABAIANA",3,"PARAIBA","ITABAIANA",-733167,-353317,96142
"7b213262","SANTANA DE PARNAIBA",3,"SAO PAULO","SANTANA DE PARNAIBA",-234439,-469178,142301
"c7901970","ARAMARI",3,"BAHIA","ARAMARI",-120884,-384969,11461
"10218a65","SANTA INES",3,"BAHIA","SANTA INES",-132793,-39814,89489
"982abc51","UNIAO DA VITORIA",3,"TOCANTINS","UNIAO DA VITORIA",-262273,-510873,57913
"7c1184a5","POUSO ALEGRE",3,"MINAS GERAIS","POUSO ALEGRE",-222266,-459389,152549
"1e1b1351","MOCOCA",3,"SAO PAULO","MOCOCA",-214647,-470024,68980
"d20d4d1d","GUARAREMA",3,"SAO PAULO","GUARAREMA",-234112,-460369,30136
"c34c7fd7","HOLAMBRA",3,"SAO PAULO","HOLAMBRA",-226405,-470487,15272
"cd9e81c5","ITAPEBI",3,"BAHIA","ITAPEBI",-159551,-395329,10215
"d2f396f7","JAURU",3,"ACRE","JAURU",-153342,-588723,8582
"1a76e291","POMPEU",3,"MINAS GERAIS","POMPEU",-192257,-450141,32035
"ee57bd8c","ALTEROSA",3,"MINAS GERAIS","ALTEROSA",-212488,-461387,14517
"5d8f247d","ARACUAI",3,"MINAS GERAIS","ARACUAI",-168523,-420637,36712
"d74b3d2d","NUCLEO BANDEIRANTE",3,"DISTRITO FEDERAL","BRASILIA",-157795,-479297,3055149
"39beabff","URUBURETAMA",3,"CEARA","URUBURETAMA",-362316,-395107,22040
"ef4a5b26","AMPARO",3,"PARAIBA","AMPARO",-755502,-370628,72677
"a8980039","CANAVIEIRAS",3,"BAHIA","CANAVIEIRAS",-156722,-389536,30906
"e049d9bc","RIO PIRACICABA",3,"MINAS GERAIS","RIO PIRACICABA",-199284,-431829,14332
"83d5af9d","AGUA CLARA",3,"DISTRITO FEDERAL","AGUA CLARA",-204452,-52879,15776
"d93b73a6","CAXIAS",3,"MARANHAO","CAXIAS",-486505,-433617,165525
"301928b8","ITAUBA",3,"ACRE","ITAUBA",-110614,-552766,3704
"7436825c","JAPARAIBA",3,"MINAS GERAIS","JAPARAIBA",-201442,-455015,4384
"6b05e7f1","RIO GRANDE DA SERRA",3,"SAO PAULO","RIO GRANDE DA SERRA",-237437,-463971,51436
"f5f3b35e","SAO JOSE DO RIO PRETO",3,"SAO PAULO","SAO JOSE DO RIO PRETO",-208113,-493758,464983
"9b3aabf5","TRIUNFO",3,"RIO GRANDE DO SUL","TRIUNFO",-299291,-517075,29856
"b8d2bab9","ITUMIRIM",3,"MINAS GERAIS","ITUMIRIM",-213171,-448724,6000
"875f8eba","JOAO MONLEVADE",3,"MINAS GERAIS","JOAO MONLEVADE",-198126,-431735,80416
"d8c1fad1","LAVRAS",3,"MINAS GERAIS","LAVRAS",-21248,-450009,104783
"3f62950c","MATOZINHOS",3,"MINAS GERAIS","MATOZINHOS",-195543,-440868,38151
"664511f3","MATUTINA",3,"MINAS GERAIS","MATUTINA",-192179,-459664,3741
"1f6d20e9","ARAPONGAS",3,"TOCANTINS","ARAPONGAS",-234153,-514259,124810
"25acf2ab","JI-PARANA",3,"RONDONIA","JI-PARANA",-108777,-619322,130009
"e9a05d53","SAO JORGE DO PATROCINIO",3,"TOCANTINS","SAO JORGE DO PATROCINIO",-237647,-538823,5586
"472eb44c","LUCENA",3,"PARAIBA","LUCENA",-690258,-348748,13214
"911b05ff","CASTANHAL",3,"PARA","CASTANHAL",-129797,-479167,203251
"5d098ea6","MIGUEL PEREIRA",3,"RIO DE JANEIRO","MIGUEL PEREIRA",-224572,-434803,25581
"199e0baa","CANTO DO BURITI",3,"PIAUI","CANTO DO BURITI",-81111,-429517,21258
"3dac60e4","ITANHEM",3,"BAHIA","ITANHEM",-171642,-403321,19316
"104e8006","PIRACURUCA",3,"PIAUI","PIRACURUCA",-393335,-417088,28874
"9cb286d7","IPERO",3,"SAO PAULO","IPERO",-233513,-476927,37964
"c18739a4","AGUAS DA PRATA",3,"SAO PAULO","AGUAS DA PRATA",-219319,-467176,8221
"d0019f7d","VARGEM GRANDE PAULISTA",3,"SAO PAULO","VARGEM GRANDE PAULISTA",-235993,-47022,53468
"f5653566","CAMPO NOVO DE RONDONIA",3,"RONDONIA","CAMPO NOVO DE RONDONIA",-105712,-636266,14266
"8c960a1a","MARTINS SOARES",3,"MINAS GERAIS","MARTINS SOARES",-202546,-418786,8531
"ae05fa54","URUPES",3,"SAO PAULO","URUPES",-212032,-492931,13888
"aa9a0e4e","CAJURI",3,"MINAS GERAIS","CAJURI",-207903,-427925,3974
"6f2ad959","CASTRO",3,"TOCANTINS","CASTRO",-247891,-500108,71809
"6140f8c2","CONCEICAO",3,"PARAIBA","CONCEICAO",-755106,-385014,19007
"e0f3b892","ALMEIRIM",3,"PARA","ALMEIRIM",-152904,-525788,34076
"5a0b8181","MARABA",3,"PARA","MARABA",-538075,-491327,283542
"5c8dbe98","PEDREGULHO",3,"SAO PAULO","PEDREGULHO",-202535,-474775,16811
"d95357c1","RIO VERDE",3,"GOIAS","RIO VERDE",-177923,-509192,241518
"03b2a7c7","ROSANA",3,"SAO PAULO","ROSANA",-225782,-530603,16281
"6dcc6b6c","SAO CAETANO DO SUL",3,"SAO PAULO","SAO CAETANO DO SUL",-236229,-465548,161957
"02a04c3f","BARREIRAS",3,"BAHIA","BARREIRAS",-121439,-449968,156975
"b0f350d9","GUAMARE",3,"RIO GRANDE DO NORTE","GUAMARE",-510619,-363222,15963
"ca2de54d","PIRES DO RIO",3,"GOIAS","PIRES DO RIO",-173019,-482768,31686
"8a64a988","POUSO REDONDO",3,"SANTA CATARINA","POUSO REDONDO",-272567,-499301,17712
"4e0351c4","RIO DO SUL",3,"SANTA CATARINA","RIO DO SUL",-272156,-49643,72006
"cfed1bd4","SALETE",3,"SANTA CATARINA","SALETE",-269798,-499988,7659
"7559411d","UBATA",3,"BAHIA","UBATA",-142063,-395207,27263
"8ed16b7b","ARARAS",3,"SAO PAULO","ARARAS",-223572,-473842,135506
"89813d59","GOIANAPOLIS",3,"GOIAS","GOIANAPOLIS",-165098,-490234,11224
"57a11fab","TATUI",3,"SAO PAULO","TATUI",-233487,-478461,122967
"3ce0a12e","ACARAPE",3,"CEARA","ACARAPE",-422083,-387055,15036
"74dad57d","AGUAS FORMOSAS",3,"MINAS GERAIS","AGUAS FORMOSAS",-170802,-409384,19247
"a854e271","MATERLANDIA",3,"MINAS GERAIS","MATERLANDIA",-184699,-430579,4436
"4fe05216","ARAPIRACA",3,"MATO GROSSO DO SUL","ARAPIRACA",-975487,-366615,233047
"37f1b956","BRAZABRANTES",3,"GOIAS","BRAZABRANTES",-164281,-493863,3746
"25c907e6","BOITUVA",3,"SAO PAULO","BOITUVA",-232855,-476786,62170
"d4b1be4c","NOVO HAMBURGO",3,"RIO GRANDE DO SUL","NOVO HAMBURGO",-296875,-511328,247032
"58d4d6d0","SANTO ANTONIO DA PLATINA",3,"TOCANTINS","SANTO ANTONIO DA PLATINA",-232959,-500815,46251
"4c0324bd","ALTA FLORESTA",3,"ACRE","ALTA FLORESTA",-986674,-560867,51959
"68fbc3ef","JATOBA",3,"MARANHAO","JATOBA",-582282,-442153,14850
"44d5608b","LARANJAL DO JARI",3,"AMAPA","LARANJAL DO JARI",-0.804911,-52453,51362
"ac079e30","NOVA LONDRINA",3,"TOCANTINS","NOVA LONDRINA",-227639,-529868,13200
"7308570","PIRAJU",3,"SAO PAULO","PIRAJU",-231981,-493803,29869
"ce6c6db3","TEODORO SAMPAIO",3,"BAHIA","TEODORO SAMPAIO",-12295,-386347,23273
"dc15c0d8","BAIANOPOLIS",3,"BAHIA","BAIANOPOLIS",-123016,-445388,13929
"846dd8e4","MORUNGABA",3,"SAO PAULO","MORUNGABA",-228811,-467896,13781
"0da11486","UNA",3,"BAHIA","UNA",-152791,-390765,18544
